{
  "timestamp": "2026-06-02 00:56:57",
  "model_path": "/home/ubuntu/Uploads/outputs/modelo/modelo_final.joblib",
  "model_type": "AveragingEnsemble",
  "description": "Ensemble que promedia probabilidades de múltiples modelos",
  "n_sub_models": 2,
  "sub_models": [
    {
      "index": 0,
      "type": "Scikit-learn (GradientBoostingClassifier)",
      "class": "GradientBoostingClassifier",
      "hyperparameters": {
        "ccp_alpha": 0.0,
        "criterion": "friedman_mse",
        "init": null,
        "learning_rate": 0.03,
        "loss": "log_loss",
        "max_depth": 4,
        "max_features": "sqrt",
        "max_leaf_nodes": null,
        "min_impurity_decrease": 0.0,
        "min_samples_leaf": 8,
        "min_samples_split": 2,
        "min_weight_fraction_leaf": 0.0,
        "n_estimators": 800,
        "n_iter_no_change": null,
        "random_state": 42,
        "subsample": 0.8,
        "tol": 0.0001,
        "validation_fraction": 0.1,
        "verbose": 0,
        "warm_start": false
      },
      "feature_importances": {
        "riesgo_sismo": 0.01163358549334915,
        "pct_afectacion_sismo": 0.03596882048587786,
        "riesgo_inundacion": 0.0033203418404342865,
        "severidad_inundacion": 0.003694599656073854,
        "pct_afectacion_inundacion": 0.019278366900385525,
        "riesgo_laderas": 0.003010618767447978,
        "pct_afectacion_laderas": 0.023259198177726897,
        "fracturas_count": 0.0168704655501282,
        "fracturas_longitud_m": 0.006001013200081102,
        "tipo_suelo": 0.0045277511877993655,
        "pob_total": 0.025620001767918024,
        "imu_2020": 0.059319470185540527,
        "area_total": 0.0694172126267574,
        "suma_riesgos": 0.02473239395026946,
        "indice_riesgo_compuesto": 0.18276534612729897,
        "riesgo_general": 0.03615685495087813,
        "sismo_x_inundacion": 0.01368842975209732,
        "fracturas_por_area": 0.017031079638311776,
        "pob_densidad": 0.019788825849674552,
        "log_pob": 0.04110153510603199,
        "log_area": 0.05231679277999653,
        "indice_x_pob": 0.04273762538119653,
        "indice_x_area": 0.13681602039107654,
        "imu_x_indice": 0.13069695805214993,
        "sismo_x_suelo": 0.020246692181498105
      }
    },
    {
      "index": 1,
      "type": "XGBoost (XGBClassifier)",
      "class": "XGBClassifier",
      "hyperparameters": {
        "objective": "binary:logistic",
        "base_score": null,
        "booster": null,
        "callbacks": null,
        "colsample_bylevel": null,
        "colsample_bynode": null,
        "colsample_bytree": 0.7,
        "device": null,
        "early_stopping_rounds": null,
        "enable_categorical": false,
        "eval_metric": "auc",
        "feature_types": null,
        "feature_weights": null,
        "gamma": null,
        "grow_policy": null,
        "importance_type": null,
        "interaction_constraints": null,
        "learning_rate": 0.03,
        "max_bin": null,
        "max_cat_threshold": null,
        "max_cat_to_onehot": null,
        "max_delta_step": null,
        "max_depth": 4,
        "max_leaves": null,
        "min_child_weight": null,
        "missing": NaN,
        "monotone_constraints": null,
        "multi_strategy": null,
        "n_estimators": 800,
        "n_jobs": -1,
        "num_parallel_tree": null,
        "random_state": 42,
        "reg_alpha": null,
        "reg_lambda": 2.0,
        "sampling_method": null,
        "scale_pos_weight": null,
        "subsample": 0.8,
        "tree_method": null,
        "validate_parameters": null,
        "verbosity": 0
      },
      "feature_importances": {
        "riesgo_sismo": 0.10682514309883118,
        "pct_afectacion_sismo": 0.02346389926970005,
        "riesgo_inundacion": 0.02495173178613186,
        "severidad_inundacion": 0.018896859139204025,
        "pct_afectacion_inundacion": 0.017717473208904266,
        "riesgo_laderas": 0.030602719634771347,
        "pct_afectacion_laderas": 0.018383508548140526,
        "fracturas_count": 0.02302621677517891,
        "fracturas_longitud_m": 0.019781559705734253,
        "tipo_suelo": 0.017504116520285606,
        "pob_total": 0.023426763713359833,
        "imu_2020": 0.02701549604535103,
        "area_total": 0.057887542992830276,
        "suma_riesgos": 0.044867534190416336,
        "indice_riesgo_compuesto": 0.060026343911886215,
        "riesgo_general": 0.07698111981153488,
        "sismo_x_inundacion": 0.032980527728796005,
        "fracturas_por_area": 0.02025027386844158,
        "pob_densidad": 0.01777794398367405,
        "log_pob": 0.023793494328856468,
        "log_area": 0.0675412118434906,
        "indice_x_pob": 0.02624150924384594,
        "indice_x_area": 0.12044693529605865,
        "imu_x_indice": 0.05350722000002861,
        "sismo_x_suelo": 0.04610288143157959
      }
    }
  ],
  "feature_importances": {
    "indice_x_area": 0.1286314778435676,
    "indice_riesgo_compuesto": 0.1213958450195926,
    "imu_x_indice": 0.09210208902608927,
    "area_total": 0.06365237780979384,
    "log_area": 0.059929002311743564,
    "riesgo_sismo": 0.059229364296090166,
    "riesgo_general": 0.056568987381206505,
    "imu_2020": 0.04316748311544578,
    "suma_riesgos": 0.0347999640703429,
    "indice_x_pob": 0.03448956731252123,
    "sismo_x_suelo": 0.03317478680653885,
    "log_pob": 0.032447514717444226,
    "pct_afectacion_sismo": 0.029716359877788954,
    "pob_total": 0.02452338274063893,
    "sismo_x_inundacion": 0.02333447874044666,
    "pct_afectacion_laderas": 0.02082135336293371,
    "fracturas_count": 0.019948341162653555,
    "pob_densidad": 0.0187833849166743,
    "fracturas_por_area": 0.01864067675337668,
    "pct_afectacion_inundacion": 0.018497920054644894,
    "riesgo_laderas": 0.016806669201109663,
    "riesgo_inundacion": 0.014136036813283072,
    "fracturas_longitud_m": 0.012891286452907678,
    "severidad_inundacion": 0.01129572939763894,
    "tipo_suelo": 0.011015933854042486
  },
  "n_features": 25,
  "feature_names": [
    "riesgo_sismo",
    "pct_afectacion_sismo",
    "riesgo_inundacion",
    "severidad_inundacion",
    "pct_afectacion_inundacion",
    "riesgo_laderas",
    "pct_afectacion_laderas",
    "fracturas_count",
    "fracturas_longitud_m",
    "tipo_suelo",
    "pob_total",
    "imu_2020",
    "area_total",
    "suma_riesgos",
    "indice_riesgo_compuesto",
    "riesgo_general",
    "sismo_x_inundacion",
    "fracturas_por_area",
    "pob_densidad",
    "log_pob",
    "log_area",
    "indice_x_pob",
    "indice_x_area",
    "imu_x_indice",
    "sismo_x_suelo"
  ],
  "metrics": {
    "accuracy": 0.8940936863543788,
    "precision": 0.7426470588235294,
    "recall": 0.8559322033898306,
    "f1": 0.7952755905511811,
    "auc_roc": 0.9422002090244014,
    "threshold": 0.26
  }
}